memories,10
hotels,10
court,10
bigger,10
fighting,10
picking,10
bra,10
purchased,10
buys,10
fellow,10
stating,10
karma,10
$10000,10
figure,10
jon,10
perro,10
junto,10
answering,10
eventually,10
technician,10
traditional,10
messages,10
tmobile,10
familiar,10
bull,10
studio,10
exclaims,10
empty,10
response,10
claw,10
knowing,10
celebrating,10
algo,10
hace,10
bottles,10
seal,10
hockey,10
wait,10
joven,10
knee,10
jeans,10
deodorant,10
gel,10
understand,10
dust,10
blow,10
mower,10
garden,10
adjustable,10
globe,10
dedicated,10
everybody,10
quest,10
teams,10
12,10
boasts,10
maintaining,10
llamar,10
satisfaction,10
callers,10
aisle,10
catheters,10
learns,10
cares,10
hunger,10
nonprofit,10
sides,10
completely,10
texas,10
treated,10
jr,10
fries,10
cheddar,10
22,10
proper,10
$20,10
sings,10
minute,10
puppy,10
elderly,10
feelings,10
varios,10
finger,10
near,10
deere,10
motors,10
sounds,10
known,10
poder,10
who's,10
range,10
considers,10
forever,10
bike,10
wet,10
settlement,10
theft,10
among,10
language,10
played,10
police,10
writing,10
bob,10
sitio,10
deep,10
brand's,10
ease,10
loud,10
craft,10
entertainment,10
technologies,10
lessons,10
develop,10
recipes,10
sense,10
sponsor,10
outfit,10
continues,10
picture,10
sporting,10
airport,10
travels,10
streets,10
championship,10
happens,10
throw,10
accidentally,10
ion,10
valley,10
wishes,10
feed,10
wood,10
remind,10
discount,10
master,10
intelligence,10
dawn,10
dances,10
richard,10
slowmo,10
vanilla,10
corn,10
counter,10
appearance,10
likely,10
cerveza,10
bars,10
cook,10
max,10
mouth,10
comments,10
eats,10
contains,10
arms,10
physical,10
playa,10
pauses,10
sky,10
ford,10
growing,10
grab,10
crazy,10
relationship,10
led,10
baked,10
covance,10
flu,10
disorder,10
elite,10
toddler,10
verano,10
loads,10
camping,10
gente,10
canción,10
unos,10
release,10
merci,10
silly,10
audible,10
axe,10
zapper,10
automatically,10
stain,10
zone,10
joining,10
beta,10
litter,10
$1000,10
asthma,10
gotham,10
copper,10
eharmony,10
magazine,10
pide,10
mylan,10
bipolar,10
homestore,10
wearhouse,10
carder,10
creates,11
paired,11
espn,11
flowers,11
family's,11
anuncia,11
ends,11
separate,11
cleaner,11
makeup,11
wasn't,11
lucky,11
ve,11
further,11
zoom,11
attempts,11
deserve,11
dar,11
direction,11
successful,11
teach,11
urban,11
attempt,11
academy,11
deserves,11
beneath,11
florida,11
photos,11
compares,11
swimming,11
incredible,11
winning,11
pictures,11
animated,11
workers,11
went,11
adventures,11
yes,11
answers,11
yoga,11
either,11
u,11
bacteria,11
pause,11
meant,11
fallen,11
unexpected,11
therapy,11
daughter's,11
holds,11
planning,11
met,11
helpline,11
report,11
retailers,11
nba,11
easily,11
fee,11
tomorrow,11
hearing,11
couldn't,11
queen,11
toast,11
70,11
infinity,11
protective,11
purina,11
ayudar,11
200,11
bite,11
desire,11
lady,11
riders,11
push,11
apparel,11
sing,11
installation,11
entering,11
garage,11
ideas,11
finished,11
structured,11
tiger's,11
close,11
station,11
follow,11
durant,11
alarm,11
areas,11
fund,11
creative,11
courses,11
educational,11
books,11
navy,11
realized,11
fan,11
sticks,11
ups,11
investment,11
slow,11
production,11
sparkling,11
warning,11
flies,11
wounded,11
warrior,11
spirit,11
appreciation,11
ships,11
carrier,11
fue,11
rate,11
crowd,11
slide,11
suits,11
pants,11
jumps,11
vip,11
nike,11
sneakers,11
faces,11
yet,11
sauce,11
sabor,11
samples,11
falls,11
shelter,11
above,11
heroes,11
trail,11
stage,11
experiencing,11
signs,11
6,11
garbage,11
k,11
clearing,11
spa,11
overall,11
river,11
mint,11
southwest,11
gatorade,11
howell,11
sheets,11
cena,11
greenworks,11
mold,11
behr,11
streamatetvcom,11
psychic,11
xeljanz,11
hut,11
prove,12
joins,12
waves,12
stream,12
preparing,12
gone,12
town,12
situation,12
thomas,12
specializes,12
took,12
guitar,12
spin,12
underwear,12
breast,12
coworker,12
chest,12
también,12
este,12
dealing,12
spread,12
night's,12
representative,12
informs,12
carpet,12
fair,12
declaring,12
suit,12
unlimited,12
podrás,12
later,12
expresses,12
commitment,12
drivers,12
conditions,12
recomienda,12
resources,12
at&t,12
charge,12
recounts,12
mark,12
forest,12
cinco,12
came,12
reads,12
libre,12
dads,12
chris,12
bringing,12
david,12
recognizes,12
planet,12
65,12
recibir,12
carrying,12
seeing,12
hang,12
credits,12
lunch,12
west,12
vegetables,12
dollars,12
supplies,12
spice,12
mejor,12
lowest,12
announced,12
nights,12
tip,12
tree,12
ground,12
compared,12
socks,12
hidden,12
suffered,12
entitled,12
achieve,12
brainbuilding,12
higher,12
calling,12
iron,12
athlete,12
tech,12
ability,12
schedule,12
western,12
average,12
secure,12
flight,12
download,12
progress,12
relaxing,12
board,12
laundry,12
sister,12
morgan,12
donation,12
truth,12
whose,12
barbecue,12
lung,12
poco,12
ahead,12
league,12
shield,12
winner,12
watches,12
artificial,12
awards,12
vitamins,12
egg,12
tried,12
marie,12
missing,12
hijo,12
nut,12
crystal,12
internet,12
años,12
courtney,12
attack,12
mini,12
walls,12
turbo,12
ky,12
crohn's,12
productos,12
ring,12
yogurt,12
picks,12
sharp,12
earth,12
7,12
foster,12
maytag,12
improvement,12
clorox,12
visitors,12
radio,12
xr,12
buster's,12
pizzas,12
trump,12
officemax,12
yours,13
spots,13
rain,13
bit,13
costs,13
fat,13
shoppers,13
perform,13
total,13
returns,13
dirty,13
told,13
nearby,13
discuss,13
block,13
fútbol,13
partido,13
experts,13
drives,13
motorcycle,13
train,13
public,13
martin,13
largest,13
locations,13
short,13
listen,13
cuenta,13
riding,13
toward,13
saving,13
experienced,13
smartphone,13
connection,13
ciento,13
greatest,13
clubs,13
urge,13
aplicación,13
difficult,13
stuffed,13
global,13
tough,13
cereal,13
storage,13
balloons,13
ages,13
count,13
current,13
fix,13
contiene,13
amigos,13
inhome,13
handle,13
alert,13
fly,13
teachers,13
alone,13
bacon,13
steak,13
onto,13
quick,13
comida,13
guarantees,13
turkey,13
mothers,13
r,13
unas,13
destination,13
searching,13
traveling,13
rooms,13
dirt,13
cam,13
official,13
donations,13
sell,13
wheel,13
promise,13
roll,13
rolls,13
asserts,13
strength,13
pbs,13
daniel,13
private,13
groceries,13
coach,13
orders,13
member,13
development,13
ceo,13
checking,13
inches,13
promote,13
tired,13
wentworth,13
chair,13
trouble,13
bluray,13
360,13
marvel,13
pasta,13
liquid,13
bread,13
mood,13
cheese's,13
pepsi,13
pests,13
dell,13
march,13
dining,13
razor,13
participants,13
b,13
piel,13
exercise,13
heating,13
direct,13
charmin,13
caused,13
fitter,13
pest,13
donors,13
viagra,13
$19,13
aspca,13
mattresses,13
closer,14
qualified,14
received,14
hanging,14
pill,14
verizon,14
messes,14
women's,14
bras,14
discovered,14
wash,14
irs,14
apply,14
chooses,14
maybe,14
leaves,14
added,14
reveal,14
videos,14
chat,14
proudly,14
sprint,14
connect,14
seniors,14
connected,14
driving,14
iphone,14
están,14
aren't,14
biggest,14
embrace,14
sport,14
maintain,14
tool,14
artist,14
highlighting,14
letting,14
dental,14
pros,14
golden,14
buying,14
miles,14
partners,14
warm,14
shooting,14
impact,14
pretty,14
advice,14
treats,14
farmers,14
one's,14
racing,14
dealership,14
hold,14
dealer,14
flying,14
soccer,14
value,14
annual,14
challenges,14
olympic,14
consider,14
remote,14
football,14
wanted,14
former,14
donald,14
potatoes,14
unlike,14
systems,14
lack,14
fine,14
cooper,14
jewelry,14
gain,14
jg,14
jeff,14
exchange,14
steaks,14
straight,14
beer,14
dietary,14
uno,14
yellow,14
opening,14
invite,14
tienen,14
hd,14
indoor,14
wish,14
echo,14
follows,14
workout,14
allergies,14
difference,14
teeth,14
conditioning,14
joyce,14
ashley,14
paris,14
surgery,14
aarp,14
ministries,14
cáncer,14
heartburn,14
chuck,14
seconds,15
eggs,15
breaks,15
places,15
bold,15
qualifying,15
enjoys,15
retailer,15
faster,15
option,15
photo,15
form,15
sandwiches,15
upon,15
realize,15
laptop,15
changes,15
unfortunately,15
decision,15
leading,15
filled,15
hgtv,15
apart,15
building,15
often,15
return,15
8,15
fact,15
exactly,15
silver,15
pads,15
struggle,15
avoid,15
va,15
fear,15
moms,15
inspiration,15
mess,15
warranty,15
arrives,15
wheels,15
york,15
honor,15
sharing,15
bright,15
stars,15
devices,15
common,15
stroke,15
wake,15
clients,15
increase,15
street,15
child's,15
$5,15
nutrition,15
excitement,15
tripadvisor,15
cake,15
gym,15
manage,15
attention,15
brings,15
pink,15
hero,15
prepares,15
modern,15
weather,15
law,15
vroom,15
standing,15
golfers,15
am,15
mental,15
movies,15
hungry,15
doctors,15
guard,15
tips,15
snack,15
mission,15
changing,15
treatments,15
neighbor,15
film,15
skechers,15
claiming,15
battle,15
dish,15
dna,15
grilling,15
digestive,15
visits,15
walmart,15
becomes,15
windows,15
breathe,15
couch,15
psoriasis,15
organic,15
tub,15
paints,15
shine,15
casino,15
injection,15
cabela's,15
honda,16
bonus,16
anywhere,16
thought,16
art,16
speaks,16
types,16
force,16
company's,16
van,16
conversation,16
shirt,16
positive,16
given,16
beverage,16
path,16
serve,16
dishes,16
stuff,16
fill,16
designer,16
worth,16
cause,16
thousands,16
bill,16
serving,16
día,16
dvd,16
demonstrates,16
struggles,16
trimmer,16
lawn,16
routine,16
weekend,16
wouldn't,16
18,16
meeting,16
delivered,16
tune,16
opportunity,16
student,16
putting,16
heat,16
dress,16
painting,16
explore,16
wedding,16
enter,16
date,16
toy,16
south,16
mike,16
finish,16
$50,16
loans,16
management,16
user,16
news,16
teacher,16
blast,16
background,16
confidence,16
boxes,16
pan,16
interest,16
después,16
allow,16
potential,16
characters,16
created,16
motion,16
ordered,16
boost,16
ellos,16
view,16
candy,16
donating,16
staying,16
soup,16
fragrance,16
restaurants,16
god,16
toilet,17
wall,17
leave,17
flat,17
peace,17
size,17
begin,17
colors,17
dr,17
amazing,17
prepared,17
competition,17
prepare,17
beyond,17
casa,17
assures,17
lines,17
damage,17
emergency,17
truck,17
freedom,17
fortunately,17
regular,17
tener,17
shown,17
bags,17
yard,17
lifetime,17
weeks,17
guys,17
supports,17
3,17
beef,17
neighborhood,17
personalized,17
reality,17
cruises,17
towards,17
multiple,17
lifelock,17
innovation,17
brain,17
reading,17
ha,17
goal,17
nature,17
bear,17
optima,17
cool,17
word,17
christmas,17
stone,17
growth,17
pounds,17
sugar,17
packs,17
niños,17
must,17
ibm,17
wars,17
recovery,17
shower,17
safety,17
flooring,17
adt,17
tide,17
copd,17
autonation,18
worry,18
affordable,18
middle,18
shape,18
25,18
sales,18
opens,18
act,18
styles,18
recommended,18
brush,18
wonders,18
spending,18
walking,18
dos,18
assistance,18
falling,18
passion,18
latest,18
jobs,18
driver,18
seeking,18
appears,18
matters,18
importance,18
sit,18
giant,18
human,18
major,18
ocean,18
puts,18
entire,18
guide,18
delivers,18
lowe's,18
babies,18
$10,18
payments,18
rest,18
decided,18
explain,18
condition,18
wide,18
grocery,18
standard,18
encouraging,18
grill,18
stores,18
ideal,18
announce,18
forward,18
expert,18
pressure,18
association,18
called,18
horse,18
madre,18
remove,18
premium,18
bell,18
smoke,18
international,18
moderate,18
subscription,18
joint,18
uber,18
pulls,19
drop,19
cut,19
thank,19
decide,19
moves,19
soft,19
sweet,19
wear,19
eight,19
wild,19
delicious,19
amount,19
screen,19
remember,19
cada,19
programs,19
stops,19
discovers,19
homeowners,19
skills,19
millions,19
monthly,19
text,19
express,19
agree,19
dancing,19
fish,19
military,19
they've,19
floors,19
alternative,19
desde,19
formula,19
parts,19
40,19
qualify,19
events,19
point,19
ad,19
mix,19
chef,19
peanut,19
avengers,19
web,19
discover,19
rewards,19
tom,19
model,19
ultimate,19
beautiful,19
individuals,19
telling,19
swing,19
america's,19
outdoors,19
turning,19
benefits,19
recipe,19
tea,19
businesses,19
consultation,19
membership,19
cute,19
da,19
showcases,19
kid,19
late,19
early,19
satisfied,19
alzheimer's,19
clinical,19
severe,19
batteries,19
cabinets,19
glad,19
rheumatoid,19
engine,20
wrong,20
eligible,20
period,20
excited,20
hacer,20
imagine,20
animals,20
animal,20
training,20
healthcare,20
clips,20
wonder,20
fuel,20
left,20
active,20
snacks,20
powerful,20
steel,20
retirement,20
diagnosed,20
described,20
history,20
asleep,20
brands,20
needed,20
mirror,20
french,20
meat,20
edition,20
spot,20
resort,20
encourage,20
pillow,20
financing,20
checks,20
eyes,20
celebrates,20
already,20
joy,20
nearly,20
experiences,20
keeping,20
understands,20
participate,20
addition,20
continue,20
adds,20
nose,20
custom,20
farm,20
dave,20
nutrisystem,20
constipation,20
airlines,20
beat,21
suddenly,21
taxes,21
turned,21
properly,21
clothing,21
finding,21
based,21
donde,21
monitoring,21
cold,21
podrá,21
scene,21
especially,21
waiting,21
assist,21
colorful,21
speak,21
backyard,21
showing,21
poker,21
social,21
heads,21
s9,21
yourself,21
challenge,21
area,21
bar,21
bladder,21
ser,21
shakes,21
appliances,21
selection,21
$1,21
happen,21
answer,21
me,21
visiting,21
named,21
adding,21
market,21
celebration,21
cards,21
within,21
juice,21
reviews,21
waste,21
bank,21
winter,21
seems,21
president,21
soon,21
admits,21
baseball,21
winners,21
style,21
actress,21
prostate,21
macy's,21
singles,21
humira,21
final,22
six,22
solo,22
far,22
si,22
dressed,22
man's,22
question,22
footage,22
grand,22
supply,22
gas,22
degree,22
steps,22
vida,22
sea,22
ver,22
moving,22
you've,22
contact,22
stanley,22
grow,22
tools,22
upgrade,22
built,22
asking,22
models,22
provided,22
channel,22
catch,22
levels,22
pack,22
men's,22
type,22
pets,22
level,22
asked,22
trial,22
golfer,22
promo,22
pga,22
learning,22
king,22
mr,22
claim,22
allowing,22
chocolate,22
seem,22
gear,22
cabello,22
protein,22
keeps,22
darle,22
glasses,22
walgreens,22
restaurant,23
comfortable,23
issues,23
ways,23
half,23
dry,23
equipment,23
dream,23
seen,23
least,23
itself,23
despite,23
college,23
april,23
dreams,23
hits,23
data,23
birthday,23
talks,23
lost,23
kind,23
flavor,23
glass,23
simply,23
partner,23
describe,23
mortgage,23
add,23
covered,23
runs,23
california,23
believe,23
compensation,23
trust,23
familia,23
diet,23
father's,23
furniture,23
stains,23
nintendo,23
immediately,24
tire,24
list,24
jump,24
feature,24
commercial,24
cover,24
60,24
idea,24
mujer,24
sandwich,24
bowl,24
monster,24
woman's,24
course,24
else,24
projects,24
xfinity,24
sits,24
window,24
personas,24
process,24
whatever,24
galaxy,24
surface,24
drinks,24
sound,24
reach,24
stands,24
build,24
additional,24
pick,24
seat,24
butter,24
surprise,24
aid,24
guarantee,24
everywhere,24
vehicles,24
land,24
purchases,24
loan,24
success,24
identity,24
ordinary,24
television,24
dating,24
spray,24
james,24
secret,24
ultra,24
chronic,24
everyday,25
reminds,25
send,25
luckily,25
confident,25
easier,25
hay,25
shopping,25
holding,25
package,25
rather,25
ship,25
ofrece,25
gratis,25
war,25
providing,25
our,25
tries,25
switch,25
world's,25
champion,25
minutes,25
obtener,25
13,25
sitting,25
hombre,25
activities,25
hopes,25
project,25
here,25
move,25
gerber,25
fans,25
watching,25
problem,25
beauty,25
puede,25
homes,25
hours,25
lead,25
earn,25
lose,25
meet,25
drinking,25
allergy,25
magic,25
beans,25
cruise,25
24,26
feels,26
leaving,26
fashion,26
almost,26
fruit,26
durante,26
cooking,26
host,26
owner,26
$100,26
speed,26
inspired,26
message,26
ensure,26
dark,26
usa,26
source,26
adventure,26
machine,26
longer,26
tennis,26
lower,26
community,26
breakfast,26
cars,26
piece,26
spokesperson,26
hit,26
firm,26
children's,26
5,26
e,26
disney,26
actor,27
hasta,27
sometimes,27
touch,27
hands,27
track,27
solutions,27
sees,27
science,27
likes,27
single,27
pool,27
supplement,27
busy,27
cleaning,27
lets,27
original,27
cost,27
donate,27
oil,27
state,27
vacation,27
toys,27
education,27
center,27
saying,27
enjoying,27
talking,27
code,27
class,27
addiction,27
guests,27
jude,27
relieve,27
depression,27
bass,27
promotes,28
person,28
smooth,28
cloud,28
coverage,28
various,28
cup,28
field,28
career,28
creating,28
several,28
advanced,28
athletes,28
todos,28
months,28
case,28
taste,28
didn't,28
1,28
milk,28
senior,28
sun,28
unique,28
park,28
15,28
focus,29
action,29
todo,29
name,29
clothes,29
true,29
collection,29
player,29
anything,29
walk,29
movie,29
2017,29
journey,29
seven,29
university,29
did,29
promises,29
older,29
stand,29
samsung,29
flavors,29
pure,29
bag,29
fitness,29
age,29
very,29
stories,29
fishing,29
shops,29
companies,29
drug,29
veterans,29
eat,29
improve,29
arthritis,29
families,30
results,30
decides,30
united,30
helped,30
eso,30
design,30
provides,30
invita,30
sin,30
eye,30
bathroom,30
husband,30
kit,30
adults,30
match,30
mother's,30
run,30
performance,30
assistant,30
study,30
shoes,30
bath,30
apple,31
tell,31
anyone,31
featuring,31
simple,31
nothing,31
struggling,31
girls,31
tour,31
local,31
low,31
my,31
pet,31
outdoor,31
choice,31
suggested,31
rated,31
kevin,31
smile,31
fall,31
include,32
holiday,32
ball,32
delivery,32
hour,32
está,32
declara,32
past,32
auto,32
ones,32
front,32
clear,32
depot,32
hope,32
coming,32
club,32
deals,32
feet,32
foundation,32
st,32
spend,32
foods,32
choose,33
highlights,33
break,33
started,33
loves,33
under,33
outside,33
institute,33
includes,33
works,33
strong,33
gifts,33
shipping,33
step,33
done,33
tickets,33
throughout,33
options,33
i,33
owners,33
encouraged,33
eating,33
regularly,33
vision,33
travel,34
sign,34
plays,34
helping,34
personal,34
spring,34
dólares,34
reveals,34
lights,34
points,34
realizes,34
possible,34
future,34
drive,34
herself,34
vehicle,34
advantage,34
shares,34
chicken,34
double,34
mountain,34
fight,34
gold,34
loss,34
paper,35
check,35
prevent,35
items,35
ya,35
race,35
tiene,35
battery,35
como,35
bad,35
risk,35
wife,35
drink,35
cat,35
begins,35
site,36
road,36
door,36
finally,36
sets,36
discounts,36
ella,36
starts,36
states,36
prices,36
safe,36
debt,36
treat,36
blood,36
mattress,36
second,37
questions,37
large,37
actually,37
trying,37
zero,37
interested,37
again,37
tu,37
words,37
lot,37
problems,37
fire,37
inside,37
season,37
patients,37
suffering,37
side,38
turns,38
comfort,38
celebrate,38
box,38
él,38
really,38
calls,38
beach,38
hot,38
plans,38
employees,38
bottle,38
shot,38
dinner,38
10,38
access,38
five,39
himself,39
think,39
finds,39
clientes,39
classic,39
doing,39
become,39
between,39
complete,39
fast,39
few,39
según,39
theaters,39
search,39
once,40
sports,40
shop,40
due,40
loved,40
daily,40
protect,40
found,40
morning,40
dogs,40
thing,41
tax,41
whole,41
cash,41
pay,41
podrán,41
camera,41
test,41
black,41
diabetes,41
meals,41
win,41
green,41
john,42
there's,42
deal,42
mientras,42
year,42
2,42
let,42
means,42
quickly,42
themselves,42
week,42
hotel,42
hospital,42
amazon,42
smart,43
tires,43
hand,43
working,43
financial,43
set,43
ingredients,43
bed,43
sure,43
series,43
te,43
matter,43
across,43
100,43
though,43
quality,43
against,43
moments,43
players,43
thanks,43
june,43
important,43
guy,44
insists,44
since,44
turn,44
table,44
coffee,44
pair,44
20,44
america,44
book,44
voice,44
weight,44
mind,45
device,45
customer,45
feeling,45
today,45
compañía,45
long,45
country,45
city,45
small,45
song,45
end,45
meal,45
child,45
describes,45
trip,46
network,46
favorite,46
digital,46
million,46
30,46
such,47
presents,47
cuando,47
then,47
medicare,47
cheese,47
alexa,47
basketball,48
employee,48
looks,48
part,48
put,48
happy,48
recommends,48
walks,48
o,48
times,48
organization,48
variety,48
color,48
skin,48
starting,49
per,49
someone,49
dance,49
protection,49
light,49
enough,49
professional,49
healthy,49
security,49
ice,49
star,49
giving,49
office,49
floor,50
body,50
create,50
running,50
lo,50
proud,50
product,50
learn,50
national,50
gift,50
prescription,50
treatment,50
50,51
top,51
high,51
space,51
heart,52
behind,52
ride,52
wearing,52
solution,52
stop,52
were,52
invited,52
does,52
number,52
suffer,52
along,52
cream,52
savings,53
job,53
stay,54
information,54
easy,54
le,54
research,54
extra,55
air,55
change,55
ask,55
open,55
got,55
group,55
others,55
less,55
last,55
reduce,55
google,55
chance,56
medical,56
face,56
white,56
team,56
goes,56
head,56
month,56
kitchen,56
games,57
insurance,57
something,57
members,57
money,57
del,57
disease,57
video,58
mobile,58
students,58
fit,58
natural,58
services,58
we,58
power,58
presenta,58
full,59
ever,59
fresh,59
taken,59
playing,60
although,60
gives,60
prescribed,60
paint,61
making,61
ready,61
website,61
baby,61
boy,61
said,62
hard,62
join,62
bring,62
needs,63
until,63
always,63
many,63
still,64
phone,64
too,64
school,64
daughter,64
friend,64
memorial,64
control,65
had,65
however,65
isn't,65
talk,65
watch,65
girl,65
golf,65
different,66
sleep,66
card,66
enjoy,66
four,66
pro,66
share,67
technology,67
men,67
energy,67
american,68
party,68
having,68
relief,68
clean,68
business,68
suggests,69
es,69
music,70
much,70
same,70
buy,70
never,70
line,70
lives,70
symptoms,70
away,71
helps,71
plan,71
old,72
place,72
going,72
blue,72
start,72
red,72
fun,72
moment,73
price,73
three,73
plus,73
might,73
look,73
dad,73
parents,73
tv,73
try,74
explains,74
father,74
looking,74
getting,75
doctor,75
credit,75
announces,75
allows,76
days,76
tells,76
super,76
program,76
pizza,76
mother,77
should,77
feel,77
thinks,77
next,77
young,77
pain,77
years,78
living,78
come,79
perfect,79
together,79
visit,79
más,80
designed,80
without,80
say,80
gets,81
live,81
house,81
shows,82
offer,82
both,83
dice,83
urges,83
son,83
medication,83
health,84
everything,84
taking,84
declares,84
couple,84
summer,84
intended,84
real,85
support,85
experience,85
great,85
story,85
everyone,86
could,86
us,87
event,87
well,88
another,89
show,89
system,89
cancer,89
app,90
don't,90
introduces,90
according,91
including,91
instead,92
purchase,92
knows,93
would,94
whether,94
night,96
makes,96
users,96
sus,97
know,97
select,97
room,98
viewers,98
used,99
why,99
al,99
order,99
features,100
women,101
want,101
each,102
brand,102
care,102
children,102
service,103
wants,103
there,104
better,105
any,105
mom,105
made,106
products,107
takes,107
big,107
doesn't,107
receive,108
play,108
been,109
most,109
friends,110
uses,110
se,111
por,111
las,111
using,112
provide,113
store,113
sale,114
comes,114
right,115
special,115
keep,115
dog,117
&,118
hair,119
give,120
being,120
love,122
now,124
things,125
see,125
good,127
offering,127
own,128
work,129
food,129
game,131
first,132
use,134
around,135
only,136
call,136
available,137
these,138
save,139
water,140
do,142
car,144
los,144
world,145
little,145
need,146
percent,146
able,150
down,151
asks,152
best,155
before,158
also,160
kids,160
every,161
online,163
way,172
invites,176
where,178
back,181
go,181
encourages,185
than,185
some,187
find,192
because,198
two,202
other,203
un,211
even,212
2018,215
take,217
was,218
claims,222
family,224
through,227
over,227
una,232
make,233
en,238
limited,239
con,241
believes,250
el,250
off,251
para,251
life,252
how,253
during,259
su,264
just,265
company,268
offers,271
new,271
y,272
what,273
those,273
may,274
into,279
him,280
so,281
no,284
home,286
after,297
woman,303
it's,308
man,314
which,316
not,327
while,328
if,334
them,334
day,338
will,371
la,380
free,381
people,395
about,396
all,405
more,432
have,433
has,442
but,449
this,473
time,480
like,482
out,484
customers,486
or,495
que,496
who,499
one,526
get,537
up,570
help,579
by,638
an,639
de,641
says,672
when,700
your,705
at,723
be,726
from,747
they,824
she,893
as,949
are,983
its,1023
it,1047
their,1097
his,1117
he,1165
her,1181
you,1272
can,1326
on,1394
that,2013
with,2013
in,2044
for,2155
is,2249
of,2937
and,4664
a,5703
to,5944
the,7803
